CICLO,ID_RAMO,DESC_RAMO,MONTO_ORIGINAL,MONTO_EJERCIDO
1995,8,"Agricultura, Ganadería y Desarrollo Rural",,15128.4
1995,19,Aportaciones a Seguridad Social,,11255.4
1995,33,Aportaciones para Educación Básica en los Estados y para los Servicios en el D. F.,,34236.3
1995,10,Comercio y Fomento Industrial,,1192.6
1995,53,Comisión Federal de Electricidad,,0
1995,9,Comunicaciones y Transportes,,10078.2
1995,27,Contraloría y Desarrollo Administrativo,,247
1995,7,Defensa Nacional,,7860.1
1995,20,Desarrollo Social,,4392.6
1995,11,Educación Pública,,34600.6
1995,18,Energía,,7432.6
1995,4,Gobernación,,2531.2
1995,6,Hacienda y Crédito Público,,10197
1995,51,Instituto de Seguridad y Servicios Sociales de los Trabajadores del Estado,,0
1995,50,Instituto Mexicano del Seguro Social,,0
1995,54,Luz y Fuerza del Centro,,0
1995,13,Marina,,2507.7
1995,16,"Medio Ambiente, Recursos Naturales y Pesca",,4806.1
1995,22,Organos Electorales,,1313.9
1995,52,Petróleos Mexicanos,,0
1995,3,Poder Judicial,,1588.3
1995,1,Poder Legislativo,,1055.2
1995,2,Presidencia de la República,,430.6
1995,17,Procuraduría General de la República,,1671.4
1995,23,Provisiones Salariales y Económicas ,,4325.4
1995,15,Reforma Agraria,,1368.7
1995,5,Relaciones Exteriores,,1407.4
1995,12,Salud,,7703.6
1995,26,Superación de la Pobreza,,9058.2
1995,14,Trabajo y Previsión Social,,662
1995,32,Tribunal Fiscal de la Federación,,71.5
1995,31,Tribunales Agrarios,,162.5
1995,21,Turismo,,500.2
1996,8,"Agricultura, Ganadería y Desarrollo Rural",16542.9,19652.7
1996,19,Aportaciones a Seguridad Social,16794.1,17019.3
1996,33,Aportaciones para Educación Básica en los Estados y para los Servicios en el D. F.,40783.2,46687.9
1996,10,Comercio y Fomento Industrial,1154.4,1323.7
1996,53,Comisión Federal de Electricidad,0,0
1996,9,Comunicaciones y Transportes,11727.2,14913
1996,27,Contraloría y Desarrollo Administrativo,215.7,459.4
1996,7,Defensa Nacional,8692.8,11034.3
1996,20,Desarrollo Social,5762.2,7501.9
1996,11,Educación Pública,40026.6,46539.7
1996,18,Energía,4786.6,4936.8
1996,4,Gobernación,2226.2,3776.3
1996,6,Hacienda y Crédito Público,10902.1,10639.5
1996,51,Instituto de Seguridad y Servicios Sociales de los Trabajadores del Estado,0,0
1996,50,Instituto Mexicano del Seguro Social,0,0
1996,54,Luz y Fuerza del Centro,0,0
1996,13,Marina,3053.9,3602.2
1996,16,"Medio Ambiente, Recursos Naturales y Pesca",6526.5,7510.5
1996,22,Organos Electorales,1432.2,2167.4
1996,52,Petróleos Mexicanos,0,0
1996,3,Poder Judicial,2343.6,2273.9
1996,1,Poder Legislativo,1490.4,1518.4
1996,2,Presidencia de la República,533.3,714
1996,17,Procuraduría General de la República,1630.7,2122.2
1996,23,Provisiones Salariales y Económicas ,31499,6646
1996,15,Reforma Agraria,1956.4,2926.8
1996,5,Relaciones Exteriores,1697.8,2071.4
1996,12,Salud,8893.9,10641.5
1996,26,Superación de la Pobreza,11000,11068.5
1996,14,Trabajo y Previsión Social,1766.6,905.1
1996,32,Tribunal Fiscal de la Federación,105.2,134.7
1996,31,Tribunales Agrarios,154.5,179.5
1996,21,Turismo,698.3,723.1
1997,8,"Agricultura, Ganadería y Desarrollo Rural",19803.2,21262
1997,19,Aportaciones a Seguridad Social,36795.6,30647
1997,33,Aportaciones para Educación Básica en los Estados y para los Servicios en el D. F.,58432.9,66534.5
1997,10,Comercio y Fomento Industrial,1504.9,1989.9
1997,53,Comisión Federal de Electricidad,0,0
1997,9,Comunicaciones y Transportes,15729.1,37136.6
1997,27,Contraloría y Desarrollo Administrativo,470.2,764.9
1997,7,Defensa Nacional,12110.6,13281.1
1997,20,Desarrollo Social,6527.1,8161.9
1997,11,Educación Pública,45329.8,51909.8
1997,18,Energía,6691.3,6914.6
1997,4,Gobernación,2324.6,4979.1
1997,6,Hacienda y Crédito Público,11545.7,14981.4
1997,51,Instituto de Seguridad y Servicios Sociales de los Trabajadores del Estado,0,0
1997,50,Instituto Mexicano del Seguro Social,0,0
1997,54,Luz y Fuerza del Centro,0,0
1997,13,Marina,4419.4,5024.5
1997,16,"Medio Ambiente, Recursos Naturales y Pesca",9198.8,10136.5
1997,22,Organos Electorales,3178.2,5368.1
1997,52,Petróleos Mexicanos,0,0
1997,3,Poder Judicial,3830.2,3207.9
1997,1,Poder Legislativo,1940.3,2059.9
1997,2,Presidencia de la República,921.5,1027.4
1997,17,Procuraduría General de la República,2538.9,2804.3
1997,23,Provisiones Salariales y Económicas ,38339.3,11848
1997,15,Reforma Agraria,1631.5,1777.4
1997,5,Relaciones Exteriores,2190.7,2276.1
1997,12,Salud,18421.8,20286.6
1997,26,Superación de la Pobreza,12650,11632.7
1997,14,Trabajo y Previsión Social,2180,1988
1997,32,Tribunal Fiscal de la Federación,152.4,209.9
1997,31,Tribunales Agrarios,182.1,212.8
1997,21,Turismo,922.1,864.7
1998,30,Adeudos de Ejercicios Fiscales Anteriores,11250,7414.1
1998,8,Agricultura,23047.2,22286
1998,19,Aportaciones a Seguridad Social,51223.1,51223.1
1998,33,Aportaciones Federales para Entidades Federativas y Municipios,114700.7,114700.7
1998,10,Comercio y Fomento Industrial,1980.9,1908.2
1998,53,Comisión Federal de Electricidad,,
1998,9,Comunicaciones y Transportes,17412.7,16794.2
1998,27,Contraloría y Desarrollo Administrativo,858.6,818.9
1998,7,Defensa Nacional,15084.2,14774.4
1998,20,Desarrollo Social,8381.5,8165
1998,26,Desarrollo Social y Productivo en Regiones de Pobreza,3501.8,3457.6
1998,24,Deuda Pública,99770.6,99770.6
1998,11,Educación Pública,63326.4,62971
1998,18,Energía ,8910.9,8885.6
1998,4,Gobernación,8035.6,7449.8
1998,6,Hacienda y Crédito Público,15374.9,14250.9
1998,51,Instituto de Seguridad y Servicios Sociales de los Trabajadores del Estado,,
1998,22,Instituto Federal Electoral,3197.9,3197.6
1998,50,Instituto Mexicano del Seguro Social,,
1998,54,Luz y Fuerza del Centro,,
1998,13,Marina,6231.9,6175.9
1998,16,Medio Ambiente,13142.8,12773.7
1998,28,Participaciones a Entidades Federativas,113578.3,113578.3
1998,52,Petróleos Mexicanos,,
1998,3,Poder Judicial,5553,4692.3
1998,1,Poder Legislativo,2503.7,2441.4
1998,2,Presidencia de la República,1201.9,1141.8
1998,25,Previsiones y Aportaciones para los Sistemas de Educación Básica,10208.4,10156.6
1998,17,Procuraduría General de la República,3855.2,3735.8
1998,23,Provisiones Salariales y Económicas,7045.8,6928.9
1998,15,Reforma Agraria,1665.1,1630.2
1998,5,Relaciones Exteriores,2659.3,2593.3
1998,12,Salud,12576.3,12372
1998,29,Saneamiento Financiero,10106.8,10106.8
1998,14,Trabajo y Previsión Social,2528.1,2254.8
1998,32,Tribunal Fiscal de la Federación,292.6,284.3
1998,31,Tribunales Agrarios,294.7,286.4
1998,21,Turismo,948.4,857
1999,30,Adeudos de Ejercicios Fiscales Anteriores,13483.26,6983.5319
1999,8,"Agricultura, Ganadería y Desarrollo Rural",21117.1532,21062.2395
1999,19,Aportaciones a Seguridad Social,69855.2683,67516.1943
1999,33,Aportaciones Federales para Entidades Federativas y Municipios,137214.6595,152062.8527
1999,10,Comercio y Fomento Industrial,2114.7894,2267.1818
1999,53,Comisión Federal de Electricidad,0,0
1999,9,Comunicaciones y Transportes,16531.9938,18554.1579
1999,27,Contraloría y Desarrollo Administrativo,920.7617,934.0718
1999,7,Defensa Nacional,16593.44,18786.6533
1999,20,Desarrollo Social,8370.2121,8995.2725
1999,26,Desarrollo Social y Productivo en Regiones de Pobreza,4077.6,4047.5927
1999,24,Deuda Pública,137359.1427,139154.659
1999,11,Educación Pública,70649.7262,73102.6163
1999,18,Energía,10902.0291,10915.8273
1999,29,Erogaciones para las Operaciones y Programas de Saneamiento Financiero,2950,1597
1999,34,Erogaciones para los Programas de Apoyo a Ahorradores y Deudores de la Banca,22195.104,22195.104
1999,4,Gobernación,7057.75,6603.1773
1999,6,Hacienda y Crédito Público,17691.95,18142.6464
1999,51,Instituto de Seguridad y Servicios Sociales de los Trabajadores del Estado,0,0
1999,22,Instituto Federal Electoral,3371.4587,3551.8896
1999,50,Instituto Mexicano del Seguro Social,0,0
1999,54,Luz y Fuerza del Centro,0,0
1999,13,Marina,6606.99,7038.5031
1999,16,"Medio Ambiente, Recursos Naturales y Pesca",13315.9671,14002.8946
1999,28,Participaciones a Entidades Federativas y Municipios,140963.117,140670.9287
1999,52,Petróleos Mexicanos,0,0
1999,3,Poder Judicial,5553.9962,6713.4222
1999,1,Poder Legislativo,2800.7112,3268.8974
1999,2,Presidencia de la República,1238.82,1227.7446
1999,25,Previsiones y Aportaciones para los Sistemas de Educación Básica y Normal,21702.5346,11817.6939
1999,17,Procuraduría General de la República,3970.8656,4343.2277
1999,23,Provisiones Salariales y Económicas,5606.7154,1181.328
1999,15,Reforma Agraria,1332.7176,1400.3092
1999,5,Relaciones Exteriores,2790.84,3095.9705
1999,12,Salud,17246.8813,14207.2054
1999,14,Trabajo y Previsión Social,2862.08,2730.2881
1999,32,Tribunal Fiscal de la Federación,456.3314,426.2429
1999,31,Tribunales Agrarios,353.6232,366.1976
1999,21,Turismo,642.39,636.9653
2000,30,Adeudos de Ejercicios Fiscales Anteriores,15750.5703,8689.4259
2000,8,"Agricultura, Ganadería, Desarrollo Rural, Pesca y Alimentación",24849.3,24713.7356
2000,19,Aportaciones a Seguridad Social,84644.0004,86115.9946
2000,33,Aportaciones Federales para Entidades Federativas y Municipios,168957.3037,181609.0343
2000,53,Comisión Federal de Electricidad,0,0
2000,35,Comisión Nacional de los Derechos Humanos,283,287.5311
2000,9,Comunicaciones y Transportes,17092.6249,19194.5355
2000,27,Contraloría y Desarrollo Administrativo,1037.84,1117.9227
2000,7,Defensa Nacional,20375.2737,20830.485
2000,20,Desarrollo Social,14814.3501,13332.1611
2000,24,Deuda Pública,135578,134553.1849
2000,10,Economía,2771.3259,2733.5295
2000,11,Educación Pública,83436.211,85550.8277
2000,18,Energía,12392.3975,12335.6182
2000,34,Erogaciones para los Programas de Apoyo a Ahorradores y Deudores de la Banca,40018,60517.5741
2000,4,Gobernación,9330.3399,9058.3858
2000,6,Hacienda y Crédito Público,19585.821,22426.8712
2000,51,Instituto de Seguridad y Servicios Sociales de los Trabajadores del Estado,0,0
2000,22,Instituto Federal Electoral,8453.6541,8300.6348
2000,50,Instituto Mexicano del Seguro Social,0,0
2000,54,Luz y Fuerza del Centro,0,0
2000,13,Marina,7959.2061,8396.7794
2000,16,Medio Ambiente y Recursos Naturales,14269.5042,14844.8959
2000,28,Participaciones a Entidades Federativas y Municipios,161712.8,178136.1747
2000,52,Petróleos Mexicanos,0,0
2000,3,Poder Judicial,8075.766,9495.1809
2000,1,Poder Legislativo,3790.3575,3819.8969
2000,2,Presidencia de la República,1546.96,1454.8289
2000,25,Previsiones y Aportaciones para los Sistemas de Educación Básica y Normal,22850.7,13682.2145
2000,17,Procuraduría General de la República,4875.03,4409.8411
2000,23,Provisiones Salariales y Económicas,13126.275,21715.2575
2000,15,Reforma Agraria,1657.1253,1722.25
2000,5,Relaciones Exteriores,3137.6943,3415.8219
2000,12,Salud,18321.6801,16261.354
2000,14,Trabajo y Previsión Social,3344.38,3207.5713
2000,32,Tribunal Fiscal de la Federación,629.1161,621.0041
2000,31,Tribunales Agrarios,440.21,441.2595
2000,21,Turismo,1065.3208,1032.1866
2001,30,Adeudos de Ejercicios Fiscales Anteriores,12285.9681,4982.3747
2001,8,"Agricultura, Ganadería, Desarrollo Rural, Pesca y Alimentación",31080.5243,32405.4301
2001,19,Aportaciones a Seguridad Social,94023.6004,88947.859
2001,33,Aportaciones Federales para Entidades Federativas y Municipios,199578.2479,209417.3156
2001,53,Comisión Federal de Electricidad,0,0
2001,35,Comisión Nacional de los Derechos Humanos,410,393.9603
2001,9,Comunicaciones y Transportes,18904.4,17390.0821
2001,27,Contraloría y Desarrollo Administrativo,1349.77,1161.4796
2001,7,Defensa Nacional,22424.626,22031.0579
2001,20,Desarrollo Social,14625.7,13282.3
2001,24,Deuda Pública,145054.0168,140203.5584
2001,10,Economía,4988.9744,4956.9267
2001,11,Educación Pública,97568.5781,94380.922
2001,18,Energía,14186.7673,14079.4689
2001,34,Erogaciones para los Programas de Apoyo a Ahorradores y Deudores de la Banca,39177.9,39850.1801
2001,4,Gobernación,4918.1341,4355.8589
2001,6,Hacienda y Crédito Público,20385.697,23491.8305
2001,51,Instituto de Seguridad y Servicios Sociales de los Trabajadores del Estado,0,0
2001,22,Instituto Federal Electoral,5294.1583,5294.1583
2001,50,Instituto Mexicano del Seguro Social,0,0
2001,54,Luz y Fuerza del Centro,0,0
2001,13,Marina,8873.4,8852.4703
2001,16,Medio Ambiente y Recursos Naturales,14400.4585,13243.9467
2001,28,Participaciones a Entidades Federativas y Municipios,194084.7,196931.1803
2001,52,Petróleos Mexicanos,0,0
2001,3,Poder Judicial,13803.4657,13920.6781
2001,1,Poder Legislativo,4398.7024,4449.3071
2001,2,Presidencia de la República,1756.2,1651.328
2001,25,"Previsiones y Aportaciones para los Sistemas de Educación Básica, Normal, Tecnológica y de Adultos",24943.0033,14799.3401
2001,17,Procuraduría General de la República,5594.4,5451.1768
2001,23,Provisiones Salariales y Económicas,20293.6316,15098.446
2001,15,Reforma Agraria,1855.01,1890.6588
2001,5,Relaciones Exteriores,3665.7363,3707.3896
2001,12,Salud,19278.0729,18113.5176
2001,36,Seguridad Pública,6350.1051,5156.8159
2001,14,Trabajo y Previsión Social,3803.44,3181.2749
2001,32,Tribunal Federal de Justicia Fiscal y Administrativa,732.2,670.1174
2001,31,Tribunales Agrarios,498.7823,472.5513
2001,21,Turismo,1338.0283,1516.5057
2002,30,Adeudos de Ejercicios Fiscales Anteriores,11179.3287,12111.7474
2002,8,"Agricultura, Ganadería, Desarrollo Rural, Pesca y Alimentación",35580.23,34298.9527
2002,19,Aportaciones a Seguridad Social,100670.3856,102331.1197
2002,33,Aportaciones Federales para Entidades Federativas y Municipios,218673.0079,226146.508
2002,53,Comisión Federal de Electricidad,,
2002,35,Comisión Nacional de los Derechos Humanos,456.3,457.5625
2002,9,Comunicaciones y Transportes,23107.0045,24242.9236
2002,37,Consejería Jurídica del Ejecutivo Federal,57.609,56.1992
2002,27,Contraloría y Desarrollo Administrativo,1240.32,1242.7429
2002,7,Defensa Nacional,22705.42,22596.5906
2002,20,Desarrollo Social,19054.642,17887.4058
2002,24,Deuda Pública,131100.3098,121578.1638
2002,10,Economía,6425.959,6173.0926
2002,11,Educación Pública,110376.5406,107991.5437
2002,18,Energía,14225.3956,14181.2787
2002,34,Erogaciones para los Programas de Apoyo a Ahorradores y Deudores de la Banca,45378.1,43982.4726
2002,4,Gobernación,5070.8872,5190.425
2002,6,Hacienda y Crédito Público,21930.28,69616.8002
2002,51,Instituto de Seguridad y Servicios Sociales de los Trabajadores del Estado,,
2002,22,Instituto Federal Electoral,5795.313,5850.7198
2002,50,Instituto Mexicano del Seguro Social,,
2002,54,Luz y Fuerza del Centro,,
2002,13,Marina,8518.47,8486.4113
2002,16,Medio Ambiente y Recursos Naturales,14852.94,14932.4174
2002,28,Participaciones a Entidades Federativas y Municipios,219192.9,214909.7743
2002,52,Petróleos Mexicanos,,
2002,3,Poder Judicial,15363.6109,15414.3785
2002,1,Poder Legislativo,4896.9266,4967.126
2002,2,Presidencia de la República,1674.311,1577.7729
2002,25,"Previsiones y Aportaciones para los Sistemas de Educación Básica, Normal, Tecnológica y de Adultos",21807.9055,15677.5724
2002,17,Procuraduría General de la República,6932.5849,6991.8657
2002,23,Provisiones Salariales y Económicas,22102.7015,17928.6373
2002,15,Reforma Agraria,2212.48,2156.4022
2002,5,Relaciones Exteriores,3843.02,3845.1198
2002,12,Salud,21995.77,20127.3469
2002,36,Seguridad Pública,7320.14,6388.9883
2002,14,Trabajo y Previsión Social,3563.6,3162.4897
2002,32,Tribunal Federal de Justicia Fiscal y Administrativa,754.41,782.6305
2002,31,Tribunales Agrarios,524.73,520.8535
2002,21,Turismo,1597.26,1925.9919
2003,1,Poder Legislativo,5575.9864,5628.9005
2003,2,Presidencia de la República,1661.78,1606.3625
2003,3,Poder Judicial,17732.0645,17896.4389
2003,4,Gobernación,3990.3769,4931.39
2003,5,Relaciones Exteriores,3444.2193,4572.9765
2003,6,Hacienda y Crédito Público,21785.1969,38222.51
2003,7,Defensa Nacional,22831.4965,24203.4388
2003,8,"Agricultura, Ganadería, Desarrollo Rural, Pesca y Alimentación",41782.6797,40169.5483
2003,9,Comunicaciones y Transportes,23124.3053,28379.0537
2003,10,Economía,5403.5085,6703.0318
2003,11,Educación Pública,106355.088,113699.7143
2003,12,Salud,20866.9715,21933.6
2003,13,Marina,8899.1717,9201.4027
2003,14,Trabajo y Previsión Social,3150.7084,3078.6378
2003,15,Reforma Agraria,2758.7595,2987.6626
2003,16,Medio Ambiente y Recursos Naturales,17404.2171,18569.4537
2003,17,Procuraduría General de la República,7154.275,7267.0478
2003,18,Energía,17569.0433,22235.4303
2003,19,Aportaciones a Seguridad Social,114365.3907,117540.5711
2003,20,Desarrollo Social,18977.482,18019.6823
2003,21,Turismo,1458.8961,2245.2923
2003,22,Instituto Federal Electoral,11095.9458,10976.7758
2003,23,Provisiones Salariales y Económicas,3297.1774,23788.1904
2003,24,Deuda Pública,128235.4088,134138.1618
2003,25,"Previsiones y Aportaciones para los Sistemas de Educación Básica, Normal, Tecnológica y de Adultos",23915.7422,17671.5437
2003,27,Función Pública,1164.4073,1294.1592
2003,28,Participaciones a Entidades Federativas y Municipios,226676.8,225227.8379
2003,30,Adeudos de Ejercicios Fiscales Anteriores,7037.2,12961.5798
2003,31,Tribunales Agrarios,533.61,528.8722
2003,32,Tribunal Federal de Justicia Fiscal y Administrativa,814.6,845.1956
2003,33,Aportaciones Federales para Entidades Federativas y Municipios,234618.8116,247728.0018
2003,34,Erogaciones para los Programas de Apoyo a Ahorradores y Deudores de la Banca,30238.6659,30411.0693
2003,35,Comisión Nacional de los Derechos Humanos,574.9678,577.6241
2003,36,Seguridad Pública,7067.2314,6259.6084
2003,37,Consejería Jurídica del Ejecutivo Federal,66.862,66.0143
2003,38,Consejo Nacional de Ciencia y Tecnología,7935.8436,7941.1158
2003,39,Programa de Apoyos para el Fortalecimiento de las Entidades Federativas,17000,30989.6
2003,50,Instituto Mexicano del Seguro Social,168785.7853,177512.4597
2003,51,Instituto de Seguridad y Servicios Sociales de los Trabajadores del Estado,54580.1948,58084.3231
2003,52,Petróleos Mexicanos,131986.7622,148635.5162
2003,53,Comisión Federal de Electricidad,113045.427,141079.3058
2003,54,Luz y Fuerza del Centro,20582.3104,24809.5025
2004,30,Adeudos de Ejercicios Fiscales Anteriores,10711.8,28938.4344
2004,8,"Agricultura, Ganadería, Desarrollo Rural, Pesca y Alimentación",36373.349,41455.8356
2004,19,Aportaciones a Seguridad Social,127265.2,131004.8489
2004,33,Aportaciones Federales para Entidades Federativas y Municipios,251201.3973,258830.8659
2004,53,Comisión Federal de Electricidad,139996.6508,148093.5266
2004,35,Comisión Nacional de los Derechos Humanos,629.105,639.2169
2004,9,Comunicaciones y Transportes,22746.4395,28290.2438
2004,37,Consejería Jurídica del Ejecutivo Federal,67.8528,80.6806
2004,38,Consejo Nacional de Ciencia y Tecnología,7705.9763,7777.9476
2004,7,Defensa Nacional,23332.7902,23846.3423
2004,20,Desarrollo Social,21098.5443,21119.6916
2004,24,Deuda Pública,145860.1204,138063.4582
2004,10,Economía,5379.9599,6216.3484
2004,11,Educación Pública,113414.104,126203.134
2004,18,Energía,20587.2541,60033.2716
2004,34,Erogaciones para los Programas de Apoyo a Ahorradores y Deudores de la Banca,38030.1408,44935.2932
2004,27,Función Pública,1417.3699,1376.9021
2004,4,Gobernación,3818.0183,4949.4073
2004,6,Hacienda y Crédito Público,23620.1513,26872.1081
2004,51,Instituto de Seguridad y Servicios Sociales de los Trabajadores del Estado,55203.3,61032.3736
2004,22,Instituto Federal Electoral,5468.295,5531.1013
2004,50,Instituto Mexicano del Seguro Social,184381.4,193258.3825
2004,54,Luz y Fuerza del Centro,20434.5,27534.1566
2004,13,Marina,8488.2093,8844.404
2004,16,Medio Ambiente y Recursos Naturales,16008.1729,19103.9625
2004,28,Participaciones a Entidades Federativas y Municipios,242281,239890.2345
2004,52,Petróleos Mexicanos,136997.8811,175532.0388
2004,3,Poder Judicial,19400.0499,19471.8352
2004,1,Poder Legislativo,5438.9866,5538.7835
2004,2,Presidencia de la República,1645.3313,1593.0446
2004,25,"Previsiones y Aportaciones para los Sistemas de Educación Básica, Normal, Tecnológica y de Adultos",29762.3507,16933.8574
2004,17,Procuraduría General de la República,7256.5088,7521.2772
2004,39,Programa de Apoyos para el Fortalecimiento de las Entidades Federativas,17000,49694.4952
2004,23,Provisiones Salariales y Económicas,16719.0058,20473.0492
2004,15,Reforma Agraria,2806.1205,4157.9793
2004,5,Relaciones Exteriores,3424.0504,5350.3915
2004,12,Salud,20973.0454,23694.0279
2004,36,Seguridad Pública,6462.6873,6397.6025
2004,14,Trabajo y Previsión Social,3327.846,3100.5237
2004,32,Tribunal Federal de Justicia Fiscal y Administrativa,783.5895,889.1827
2004,31,Tribunales Agrarios,574.0401,620.2461
2004,21,Turismo,1230.2028,2456.8778
2005,30,Adeudos de Ejercicios Fiscales Anteriores,7250,13362.0564
2005,8,"Agricultura, Ganadería, Desarrollo Rural, Pesca y Alimentación",48396.0819,46278.9552
2005,19,Aportaciones a Seguridad Social,147679.3721,150346.2496
2005,33,Aportaciones Federales para Entidades Federativas y Municipios,271082.8632,289756.8671
2005,53,Comisión Federal de Electricidad,141073.2065,182661.7173
2005,35,Comisión Nacional de los Derechos Humanos,708.0834,716.3617
2005,9,Comunicaciones y Transportes,36694.4346,42124.9789
2005,37,Consejería Jurídica del Ejecutivo Federal,72.1345,88.1091
2005,38,Consejo Nacional de Ciencia y Tecnología,8143.3128,7950.3146
2005,7,Defensa Nacional,24002.1721,25270.9857
2005,20,Desarrollo Social,23744.1194,21755.2412
2005,24,Deuda Pública,158079.6487,153484.1483
2005,10,Economía,7017.5819,6441.4892
2005,11,Educación Pública,127668.3977,137371.32
2005,18,Energía,26413.9342,77435.001
2005,34,Erogaciones para los Programas de Apoyo a Ahorradores y Deudores de la Banca,31773.7679,27455.0527
2005,27,Función Pública,1385.6663,1466.8732
2005,4,Gobernación,3422.3754,5867.9618
2005,6,Hacienda y Crédito Público,26915.7365,31160.9053
2005,51,Instituto de Seguridad y Servicios Sociales de los Trabajadores del Estado,68273,72449.1404
2005,22,Instituto Federal Electoral,6398.0531,6329.7557
2005,50,Instituto Mexicano del Seguro Social,204707.6,211152.5196
2005,54,Luz y Fuerza del Centro,25492.7,22892.3457
2005,13,Marina,8636.4218,9528.7874
2005,16,Medio Ambiente y Recursos Naturales,24482.8649,24402.1693
2005,28,Participaciones a Entidades Federativas y Municipios,272471.6,278892.3585
2005,52,Petróleos Mexicanos,132777.2548,180885.4612
2005,3,Poder Judicial,21037.6474,21504.9395
2005,1,Poder Legislativo,6355.9185,6424.4975
2005,2,Presidencia de la República,1408.0596,1622.8125
2005,25,"Previsiones y Aportaciones para los Sistemas de Educación Básica, Normal, Tecnológica y de Adultos",36085.636,19416.1394
2005,17,Procuraduría General de la República,8143.5951,7572.2672
2005,39,Programa de Apoyos para el Fortalecimiento de las Entidades Federativas,20386,46945.8966
2005,23,Provisiones Salariales y Económicas,6872.4421,25295.2352
2005,15,Reforma Agraria,4856.2207,3755.3133
2005,5,Relaciones Exteriores,4034.5547,5215.4592
2005,12,Salud,34024.454,33705.4891
2005,36,Seguridad Pública,7036.8187,6976.9299
2005,14,Trabajo y Previsión Social,3185.3401,3344.6575
2005,32,Tribunal Federal de Justicia Fiscal y Administrativa,1068.3749,1051.2886
2005,31,Tribunales Agrarios,666.9952,580.2427
2005,21,Turismo,1147.4538,2605.2168
2006,30,Adeudos de Ejercicios Fiscales Anteriores,13876.8,19981.8262
2006,8,"Agricultura, Ganadería, Desarrollo Rural, Pesca y Alimentación",51020.6858,48779.0479
2006,19,Aportaciones a Seguridad Social,177121.5551,172376.1871
2006,33,Aportaciones Federales para Entidades Federativas y Municipios,292071.8497,311941.3382
2006,53,Comisión Federal de Electricidad,162617.2774,200098.6262
2006,35,Comisión Nacional de los Derechos Humanos,742.5431,851.3704
2006,9,Comunicaciones y Transportes,33687.1584,41075.0477
2006,37,Consejería Jurídica del Ejecutivo Federal,74.407,104.1512
2006,38,Consejo Nacional de Ciencia y Tecnología,8859.2476,8611.6633
2006,7,Defensa Nacional,26031.9009,26987.7131
2006,20,Desarrollo Social,26572.7818,27458.255
2006,24,Deuda Pública,182042.6295,168071.0353
2006,10,Economía,7618.5898,9435.8009
2006,11,Educación Pública,137590.4327,151790.4038
2006,18,Energía,27324.3731,80447.1178
2006,34,Erogaciones para los Programas de Apoyo a Ahorradores y Deudores de la Banca,36972.7818,38600.0756
2006,27,Función Pública,1412.3971,1600.0287
2006,4,Gobernación,4737.9138,6629.2775
2006,6,Hacienda y Crédito Público,27211.9457,38023.8751
2006,51,Instituto de Seguridad y Servicios Sociales de los Trabajadores del Estado,74128.8,79416.1203
2006,22,Instituto Federal Electoral,11892.136,11801.4362
2006,50,Instituto Mexicano del Seguro Social,209194.6,231443.397
2006,54,Luz y Fuerza del Centro,26146.2,32407.125
2006,13,Marina,9163.5108,9998.3119
2006,16,Medio Ambiente y Recursos Naturales,21342.8235,29030.3769
2006,28,Participaciones a Entidades Federativas y Municipios,290917.91,329337.3406
2006,52,Petróleos Mexicanos,138975.5109,213981.4667
2006,3,Poder Judicial,23389.313,23800.2975
2006,1,Poder Legislativo,6914.7766,7514.3724
2006,2,Presidencia de la República,1621.9132,2019.1925
2006,25,"Previsiones y Aportaciones para los Sistemas de Educación Básica, Normal, Tecnológica y de Adultos",33151.6,21098.1997
2006,17,Procuraduría General de la República,9550.581,8862.4002
2006,39,Programa de Apoyos para el Fortalecimiento de las Entidades Federativas,22500,54671.4688
2006,23,Provisiones Salariales y Económicas,10748.788,50672.9516
2006,15,Reforma Agraria,4435.5989,4341.9205
2006,5,Relaciones Exteriores,4510.9389,5819.219
2006,12,Salud,42355.506,41547.7117
2006,36,Seguridad Pública,9274.4,8676.0297
2006,14,Trabajo y Previsión Social,3262.1395,3347.0663
2006,32,Tribunal Federal de Justicia Fiscal y Administrativa,1136.5101,1148.1574
2006,31,Tribunales Agrarios,575.1321,584.2149
2006,21,Turismo,1227.327,2005.2396
2007,30,Adeudos de Ejercicios Fiscales Anteriores,12000,15943.3107
2007,8,"Agricultura, Ganadería, Desarrollo Rural, Pesca y Alimentación",58384.7,57117.8116
2007,19,Aportaciones a Seguridad Social,191994.4,211087.919
2007,33,Aportaciones Federales para Entidades Federativas y Municipios,332298.0876,356761.2737
2007,53,Comisión Federal de Electricidad,21626.11999,22195.29073
2007,35,Comisión Nacional de los Derechos Humanos,800.9641,812.3785
2007,9,Comunicaciones y Transportes,39168.2,74353.915
2007,37,Consejería Jurídica del Ejecutivo Federal,86.0574,92.5449
2007,38,Consejo Nacional de Ciencia y Tecnología,9330.6489,9096.0951
2007,7,Defensa Nacional,32200.8965,34157.436
2007,20,Desarrollo Social,35108.4684,39543.6676
2007,24,Deuda Pública,185185.6003,178291.9443
2007,10,Economía,8233.1286,10228.2343
2007,11,Educación Pública,151963.4,169854.1576
2007,18,Energía,32793.2987,47137.0343
2007,34,Erogaciones para los Programas de Apoyo a Ahorradores y Deudores de la Banca,27174.3049,28013.0434
2007,27,Función Pública,1318.2,2012.1274
2007,4,Gobernación,5083.2528,5885.4796
2007,6,Hacienda y Crédito Público,34358.5,36880.0886
2007,51,Instituto de Seguridad y Servicios Sociales de los Trabajadores del Estado,80919.9,91911.9163
2007,22,Instituto Federal Electoral,7434.3886,7367.4872
2007,50,Instituto Mexicano del Seguro Social,237801.9,252110.8687
2007,54,Luz y Fuerza del Centro,2797.26,2790.82981
2007,13,Marina,10951.3211,12166.3647
2007,16,Medio Ambiente y Recursos Naturales,29006.2754,41096.3459
2007,28,Participaciones a Entidades Federativas y Municipios,324281.092,332757.7431
2007,52,Petróleos Mexicanos,33827.95689,38599.1364
2007,3,Poder Judicial,25229.514,25115.2488
2007,1,Poder Legislativo,7523.7028,7711.1689
2007,2,Presidencia de la República,1608.5188,1809.555
2007,25,"Previsiones y Aportaciones para los Sistemas de Educación Básica, Normal, Tecnológica y de Adultos",39922.6,21850.2265
2007,17,Procuraduría General de la República,9216.5394,9439.4657
2007,23,Provisiones Salariales y Económicas,51547.3463,136449.6473
2007,15,Reforma Agraria,4772.3,4701.407
2007,5,Relaciones Exteriores,4836.0301,7096.998
2007,12,Salud,55583.1559,53144.032
2007,36,Seguridad Pública,13664.6826,17626.8841
2007,14,Trabajo y Previsión Social,3234.7156,3151.4174
2007,32,Tribunal Federal de Justicia Fiscal y Administrativa,1031.7801,1210.5125
2007,31,Tribunales Agrarios,794,709.1952
2007,21,Turismo,1822.7,3095.7567